{"loss":{"0":0.8779245019,"1":0.305619508,"2":0.2035922408,"3":0.1637707055,"4":0.1348332167,"5":0.1158638075,"6":0.1025232077,"7":0.0928290114,"8":0.0841000825,"9":0.0749637932,"10":0.0697589964,"11":0.0663033873,"12":0.064439185,"13":0.0590317398,"14":0.0560424328,"15":0.0482645929,"16":0.0492082685,"17":0.0465901271,"18":0.0431910679,"19":0.0425797515},"acc":{"0":0.6433330178,"1":0.889020741,"2":0.9247969389,"3":0.939673245,"4":0.9504426122,"5":0.9562836289,"6":0.9627635479,"7":0.9659578204,"8":0.9685132504,"9":0.9718900919,"10":0.9745368361,"11":0.9742630124,"12":0.9759970903,"13":0.9789175987,"14":0.9807429314,"15":0.9816555381,"16":0.9810166955,"17":0.9824769497,"18":0.9841197133,"19":0.9838459492},"val_loss":{"0":0.4596295655,"1":0.2452077866,"2":0.2187165469,"3":0.3121880591,"4":0.1967757344,"5":0.3511302769,"6":0.5687271357,"7":0.1430700421,"8":0.1309660375,"9":0.1577984691,"10":0.138079375,"11":0.1468189508,"12":0.1738073826,"13":0.1305997223,"14":0.1510671228,"15":0.1328656971,"16":0.3288050294,"17":0.126710102,"18":0.1503286213,"19":0.19230932},"val_acc":{"0":0.8266423345,"1":0.9083941579,"2":0.9200729728,"3":0.8956204653,"4":0.925547421,"5":0.8755474687,"6":0.8288320899,"7":0.9496350288,"8":0.956569314,"9":0.9467153549,"10":0.9536496401,"11":0.9525547624,"12":0.9437956214,"13":0.9576642513,"14":0.9540145993,"15":0.9572992921,"16":0.9189780951,"17":0.9562043548,"18":0.958759129,"19":0.9445255399},"test_acc":{"0":0.954664886,"1":0.954664886,"2":0.954664886,"3":0.954664886,"4":0.954664886,"5":0.954664886,"6":0.954664886,"7":0.954664886,"8":0.954664886,"9":0.954664886,"10":0.954664886,"11":0.954664886,"12":0.954664886,"13":0.954664886,"14":0.954664886,"15":0.954664886,"16":0.954664886,"17":0.954664886,"18":0.954664886,"19":0.954664886},"test_loss":{"0":0.1817840487,"1":0.1817840487,"2":0.1817840487,"3":0.1817840487,"4":0.1817840487,"5":0.1817840487,"6":0.1817840487,"7":0.1817840487,"8":0.1817840487,"9":0.1817840487,"10":0.1817840487,"11":0.1817840487,"12":0.1817840487,"13":0.1817840487,"14":0.1817840487,"15":0.1817840487,"16":0.1817840487,"17":0.1817840487,"18":0.1817840487,"19":0.1817840487}}