{"loss":{"0":0.9496687055,"1":0.4300449789,"2":0.2589916587,"3":0.1876480579,"4":0.134774372,"5":0.1077557728,"6":0.0804750174,"7":0.0677607059,"8":0.0602764338,"9":0.0533305667,"10":0.0447311103,"11":0.0381053612,"12":0.0310735125,"13":0.0303750988,"14":0.0349531248,"15":0.0292827785,"16":0.0347285829,"17":0.0207003206,"18":0.0254189745,"19":0.0201453827,"20":0.0241563506,"21":0.0188769307,"22":0.0132938745,"23":0.0106335403,"24":0.0145947998,"25":0.0172316097,"26":0.0261083078,"27":0.0154919149,"28":0.0149393855,"29":0.0065361797},"acc":{"0":0.5978400111,"1":0.8362917304,"2":0.9052609205,"3":0.9335970879,"4":0.9543412924,"5":0.9633233547,"6":0.9723054171,"7":0.9763686657,"8":0.9798973203,"9":0.981608212,"10":0.9852437973,"11":0.9883447289,"12":0.9897348285,"13":0.9888793826,"14":0.9868477583,"15":0.9892001748,"16":0.9878100753,"17":0.9930496216,"18":0.9916595221,"19":0.9934773445,"20":0.9919803143,"21":0.9933704138,"22":0.9960436225,"23":0.9966852069,"24":0.9952951074,"25":0.9947604537,"26":0.9915525913,"27":0.9948673844,"28":0.9942258596,"29":0.9982891083},"val_loss":{"0":0.586845994,"1":0.5920808315,"2":0.2632858455,"3":0.2570996881,"4":0.3569920659,"5":0.159676075,"6":0.3647453189,"7":0.1745789349,"8":0.3132763207,"9":0.1018904671,"10":0.1420915723,"11":0.1931281239,"12":0.0978121534,"13":0.2073767632,"14":0.1059600115,"15":0.3231616318,"16":0.1212558001,"17":0.4477747679,"18":0.1398040056,"19":0.1598605961,"20":0.6044051647,"21":0.2064461261,"22":0.1024743095,"23":0.1682176441,"24":0.2902098894,"25":0.1745033413,"26":0.1155826971,"27":0.2227330506,"28":0.1052774936,"29":0.0978522822},"val_acc":{"0":0.7631466389,"1":0.759298861,"2":0.9016673565,"3":0.9110730886,"4":0.8760153651,"5":0.9444206953,"6":0.8794356585,"7":0.9444206953,"8":0.8948268294,"9":0.9610944986,"10":0.9529713392,"11":0.9439931512,"12":0.9692175984,"13":0.938862741,"14":0.9619495273,"15":0.9170585871,"16":0.9632321596,"17":0.8828558922,"18":0.9623770714,"19":0.9563916326,"20":0.8576314449,"21":0.9474134445,"22":0.9679350257,"23":0.9546815157,"24":0.9273193479,"25":0.9546815157,"26":0.9705002308,"27":0.9431381226,"28":0.9713552594,"29":0.975630641}}