{"loss":{"0":1.0868096352,"1":0.5086298585,"2":0.34258461,"3":0.2610708773,"4":0.2229281962,"5":0.1956880838,"6":0.1792666614,"7":0.1620887071,"8":0.1588351429,"9":0.1467646062,"10":0.13690117,"11":0.1339112073,"12":0.1247724593,"13":0.1119873524,"14":0.1139049828,"15":0.1088994741,"16":0.1053090692,"17":0.0980913192,"18":0.0942825973,"19":0.0945456773},"acc":{"0":0.5865656734,"1":0.8349913359,"2":0.8974171877,"3":0.9298165441,"4":0.9395819902,"5":0.9487998486,"6":0.9548233747,"7":0.9615770578,"8":0.9623984694,"9":0.9654102325,"10":0.9682394862,"11":0.9687870741,"12":0.9724377394,"13":0.9756320119,"14":0.9752669334,"15":0.9779136777,"16":0.9782786965,"17":0.9811992049,"18":0.9815642834,"19":0.9807429314},"val_loss":{"0":0.6133230925,"1":0.5517755151,"2":0.3479599953,"3":0.360774219,"4":0.2808841765,"5":0.2911972702,"6":0.21780698,"7":0.4714407027,"8":0.2545506656,"9":0.4467206299,"10":0.3219741583,"11":0.2053385526,"12":0.2263490111,"13":0.2188575715,"14":0.4947938323,"15":0.2423238754,"16":0.1914557666,"17":0.2311899513,"18":0.2064349949,"19":0.2448708713},"val_acc":{"0":0.7996350527,"1":0.8124087453,"2":0.8989050984,"3":0.89817518,"4":0.9175182581,"5":0.9145985246,"6":0.9445255399,"7":0.8817518353,"8":0.9299269915,"9":0.8850364685,"10":0.9175182581,"11":0.9489051104,"12":0.9423357844,"13":0.9481751919,"14":0.8824817538,"15":0.9423357844,"16":0.9507299066,"17":0.9470803142,"18":0.9489051104,"19":0.941605866}}