{"loss":{"0":0.9008196592,"1":0.3925995827,"2":0.2369861156,"3":0.1652841568,"4":0.1242973879,"5":0.100726828,"6":0.0848373324,"7":0.0734834671,"8":0.0630164295,"9":0.0531926081,"10":0.0483828709,"11":0.0416193157,"12":0.0328414328,"13":0.0332499184,"14":0.038392663,"15":0.0336371511,"16":0.0236169063,"17":0.0320612565,"18":0.026488129,"19":0.0199645814,"20":0.0178022124,"21":0.0271208417,"22":0.0191837922,"23":0.0161469411,"24":0.0174479894,"25":0.0142841479,"26":0.0220541414,"27":0.0204094443,"28":0.0144257396,"29":0.0173937958},"acc":{"0":0.6253069043,"1":0.8523325324,"2":0.9127498865,"3":0.940284133,"4":0.9590494633,"5":0.9646615386,"6":0.9704489708,"7":0.9764994979,"8":0.9773763418,"9":0.9823746085,"10":0.984216094,"11":0.9859698415,"12":0.9895650744,"13":0.9878990054,"14":0.9860575199,"15":0.9897404313,"16":0.9920203686,"17":0.9889512658,"18":0.991143465,"19":0.9935987592,"20":0.9943002462,"21":0.9898281097,"22":0.9939494729,"23":0.9950017333,"24":0.9935987592,"25":0.9957909584,"26":0.9921957254,"27":0.993072629,"28":0.9954401851,"29":0.993774116},"val_loss":{"0":0.6641274095,"1":0.6941528916,"2":0.2120025754,"3":0.1569391936,"4":0.1422053277,"5":0.154842034,"6":0.112059392,"7":0.1359828711,"8":0.3337728381,"9":0.1212202683,"10":0.0941305682,"11":0.2260438353,"12":0.1445140541,"13":0.1721218675,"14":0.148214668,"15":0.1520682275,"16":0.0817499608,"17":0.0880439728,"18":0.1312634796,"19":0.1219944432,"20":0.1399336606,"21":0.0957673714,"22":0.1137409583,"23":0.1284109801,"24":0.2350536138,"25":0.0626995042,"26":0.1266728342,"27":0.1772905439,"28":0.0994016826,"29":0.1252759993},"val_acc":{"0":0.7489480972,"1":0.7734922767,"2":0.9228611588,"3":0.9460027814,"4":0.9477559328,"5":0.9424964786,"6":0.9551191926,"7":0.9530154467,"8":0.896563828,"9":0.9547685981,"10":0.967040658,"11":0.9312763214,"12":0.9502103925,"13":0.942145884,"14":0.9554698467,"15":0.956872344,"16":0.9737026691,"17":0.9737026691,"18":0.9638850093,"19":0.9659887552,"20":0.9575736523,"21":0.9719495177,"22":0.9649369121,"23":0.9621318579,"24":0.9431977272,"25":0.9789621234,"26":0.9652875066,"27":0.9460027814,"28":0.9694951177,"29":0.9673913121},"test_acc":{"0":0.9684343338,"1":0.9684343338,"2":0.9684343338,"3":0.9684343338,"4":0.9684343338,"5":0.9684343338,"6":0.9684343338,"7":0.9684343338,"8":0.9684343338,"9":0.9684343338,"10":0.9684343338,"11":0.9684343338,"12":0.9684343338,"13":0.9684343338,"14":0.9684343338,"15":0.9684343338,"16":0.9684343338,"17":0.9684343338,"18":0.9684343338,"19":0.9684343338,"20":0.9684343338,"21":0.9684343338,"22":0.9684343338,"23":0.9684343338,"24":0.9684343338,"25":0.9684343338,"26":0.9684343338,"27":0.9684343338,"28":0.9684343338,"29":0.9684343338},"test_loss":{"0":0.1485667974,"1":0.1485667974,"2":0.1485667974,"3":0.1485667974,"4":0.1485667974,"5":0.1485667974,"6":0.1485667974,"7":0.1485667974,"8":0.1485667974,"9":0.1485667974,"10":0.1485667974,"11":0.1485667974,"12":0.1485667974,"13":0.1485667974,"14":0.1485667974,"15":0.1485667974,"16":0.1485667974,"17":0.1485667974,"18":0.1485667974,"19":0.1485667974,"20":0.1485667974,"21":0.1485667974,"22":0.1485667974,"23":0.1485667974,"24":0.1485667974,"25":0.1485667974,"26":0.1485667974,"27":0.1485667974,"28":0.1485667974,"29":0.1485667974}}