{"loss":{"0":0.9610468149},"acc":{"0":0.5988023877},"val_loss":{"0":1.1816105843},"val_acc":{"0":0.5391193032},"test_acc":{"0":0.5669230819},"test_loss":{"0":1.1199405193}}