{"loss":{"0":0.6458685994,"1":0.2746912837,"2":0.1888297498,"3":0.1436330527,"4":0.1403629929,"5":0.1245778576,"6":0.091346629,"7":0.1164973602,"8":0.1035071686,"9":0.0841202661,"10":0.0901730284,"11":0.079164423,"12":0.1198996007,"13":0.0995127261,"14":0.0718728155,"15":0.0810803324,"16":0.0870748535,"17":0.0759667903,"18":0.0749227554,"19":0.0474531054,"20":0.0923483297,"21":0.0678678825,"22":0.0681177452,"23":0.0715860501,"24":0.0624291971,"25":0.0813267529,"26":0.0493375398,"27":0.0577374697,"28":0.0543933809,"29":0.0591100007},"acc":{"0":0.7395650744,"1":0.9043318033,"2":0.9341459274,"3":0.9502806067,"4":0.9533497095,"5":0.9586986899,"6":0.9703612924,"7":0.9615047574,"8":0.9658014774,"9":0.971939683,"10":0.9704489708,"11":0.9743072391,"12":0.9609786272,"13":0.9686074853,"14":0.9781655669,"15":0.9732549787,"16":0.9718520045,"17":0.9767625332,"18":0.9755349159,"19":0.9851806164,"20":0.9725534916,"21":0.9792178273,"22":0.9800069928,"23":0.9791301489,"24":0.9793931842,"25":0.9773763418,"26":0.9853560328,"27":0.9821115136,"28":0.9818484783,"29":0.9823746085},"val_loss":{"0":1.324639678,"1":0.478048265,"2":0.2887087166,"3":0.1454551816,"4":0.5163795948,"5":0.2666177452,"6":0.1904543787,"7":0.1603294611,"8":0.2920024395,"9":0.3549793959,"10":0.3279724419,"11":0.2224942744,"12":0.2272351682,"13":0.1171582118,"14":0.101832822,"15":0.1762072146,"16":0.2759519815,"17":0.2354338467,"18":0.237811476,"19":0.1992759556,"20":0.2172202021,"21":0.1287815571,"22":0.1310210526,"23":0.4558668733,"24":0.2243104279,"25":0.1040642485,"26":0.2070141882,"27":0.3581108749,"28":0.1004371941,"29":0.1361933053},"val_acc":{"0":0.7324684262,"1":0.8600981832,"2":0.9095371962,"3":0.9526647925,"4":0.8776297569,"5":0.9309256673,"6":0.950560987,"7":0.9460027814,"8":0.9270687103,"9":0.9176017046,"10":0.9133940935,"11":0.9260168076,"12":0.9319775701,"13":0.9659887552,"14":0.9687938094,"15":0.9491584897,"16":0.9386395216,"17":0.9372370243,"18":0.9428471327,"19":0.9396914244,"20":0.9530154467,"21":0.9663394094,"22":0.9642356038,"23":0.9133940935,"24":0.9596773982,"25":0.9768583179,"26":0.9687938094,"27":0.9270687103,"28":0.9740533233,"29":0.9687938094},"test_acc":{"0":0.9797979593,"1":0.9797979593,"2":0.9797979593,"3":0.9797979593,"4":0.9797979593,"5":0.9797979593,"6":0.9797979593,"7":0.9797979593,"8":0.9797979593,"9":0.9797979593,"10":0.9797979593,"11":0.9797979593,"12":0.9797979593,"13":0.9797979593,"14":0.9797979593,"15":0.9797979593,"16":0.9797979593,"17":0.9797979593,"18":0.9797979593,"19":0.9797979593,"20":0.9797979593,"21":0.9797979593,"22":0.9797979593,"23":0.9797979593,"24":0.9797979593,"25":0.9797979593,"26":0.9797979593,"27":0.9797979593,"28":0.9797979593,"29":0.9797979593},"test_loss":{"0":0.0900225267,"1":0.0900225267,"2":0.0900225267,"3":0.0900225267,"4":0.0900225267,"5":0.0900225267,"6":0.0900225267,"7":0.0900225267,"8":0.0900225267,"9":0.0900225267,"10":0.0900225267,"11":0.0900225267,"12":0.0900225267,"13":0.0900225267,"14":0.0900225267,"15":0.0900225267,"16":0.0900225267,"17":0.0900225267,"18":0.0900225267,"19":0.0900225267,"20":0.0900225267,"21":0.0900225267,"22":0.0900225267,"23":0.0900225267,"24":0.0900225267,"25":0.0900225267,"26":0.0900225267,"27":0.0900225267,"28":0.0900225267,"29":0.0900225267}}